,train_r2,test_r2,train_rmse,test_rmse,train_mae,test_mae
Lasso_scratch_CD,0.9838748269905235,0.987236517678419,4960.516857443427,4541.643752819509,3244.765633210746,3162.7498552693633
Lasso_sklearn,0.9840118438418094,0.9873728148636836,4939.396948261659,4517.32927935107,3246.3419368779023,3158.524077743638
Lasso_scratch_PGD,0.9838748262255975,0.9872365169562294,4960.516975098863,4541.643881308279,3244.765696336116,3162.7499243716516
Tree_scratch,0.9367098276639314,0.9505575061579898,10113.386704440669,8686.101950009968,5960.285260709751,5471.372195379427
Tree_sklearn,0.9492407879300565,0.9568620607649962,9057.032173330063,8113.428916179473,5760.702190880597,5359.850881039276
Linear_scratch,0.9838862758433624,0.9872641788999971,4958.755564350472,4536.719722280806,3252.996884873286,3165.2474852105847
Linear_sklearn,0.9840130589141663,0.9873782737641565,4939.209251861053,4516.352722960098,3246.5827376300535,3157.6456852355004
KNN_scratch,0.9237880658982843,0.8741525705278816,10784.157698706344,14261.021975288095,4554.621312001528,6530.80660952051
KNN_sklearn,0.9237880658982843,0.8741525705278816,10784.157698706344,14261.021975288095,4554.621312001528,6530.80660952051
