,train_r2,test_r2,train_rmse,test_rmse,train_mae,test_mae
Lasso_sklearn,0.9850969907451503,0.9830922245110176,4801.736404743166,5089.119007625116,3142.174398783653,3248.815586187986
Lasso_scratch_CD,0.984963684951843,0.9830515614316668,4823.164098690853,5095.234980057594,3146.098878484625,3222.854633692421
Lasso_scratch_PGD,0.9849636405923561,0.983051539682938,4823.171213230766,5095.23824923333,3146.1032932595244,3222.856216040015
Lasso_scratch_GD,0.9849636437321472,0.9830515589332709,4823.170709659709,5095.235355605862,3146.119754434905,3222.8772772668017
