,train_r2,test_r2,train_rmse,test_rmse,train_mae,test_mae
Lasso_sklearn,0.9840118438418094,0.9873728148636836,4939.396948261659,4517.32927935107,3246.3419368779023,3158.524077743638
Lasso_scratch_CD,0.9838748269905235,0.987236517678419,4960.516857443427,4541.643752819509,3244.765633210746,3162.7498552693633
Lasso_scratch_PGD,0.9838748262255975,0.9872365169562294,4960.516975098863,4541.643881308279,3244.765696336116,3162.7499243716516
