model,train_r2,test_r2,train_rmse,test_rmse,train_mae,test_mae
Tree_scratch,0.9383556011864675,0.9509391997498218,9717.312766776846,8712.216191390675,6181.841111845011,5656.383127403698
Tree_sklearn,0.9291764196282611,0.9569659772653755,10415.696333180676,8159.570559774699,6107.044352154137,5399.659102844899
