model,train_r2,test_r2,train_rmse,test_rmse,train_mae,test_mae
Tree_scratch,0.9367098276639314,0.9505575061579898,10113.386704440669,8686.101950009968,5960.285260709751,5471.372195379427
Tree_sklearn,0.9492407879300565,0.9568620607649962,9057.032173330063,8113.428916179473,5760.702190880597,5359.850881039276
